{"cameraMode":{"drawMode":0,"name":"Shaded","section":"Shading Mode"},"sceneLighting":true,"audioPlay":false,"sceneViewState":{"showFog":true,"showMaterialUpdate":false,"showSkybox":true,"showFlares":true,"showImageEffects":true,"showParticleSystems":true,"showVisualEffectGraphs":true,"m_FxEnabled":true},"in2DMode":false,"pivot":{"x":3273.929443359375,"y":307.86798095703127,"z":-2562.60400390625},"rotation":{"x":-0.011995292268693447,"y":0.027595240622758867,"z":0.0003259074001107365,"w":0.9995606541633606},"size":81.06169128417969,"orthographic":false}