{"cameraMode":{"drawMode":0,"name":"Shaded","section":"Shading Mode"},"sceneLighting":false,"audioPlay":false,"sceneViewState":{"showFog":true,"showMaterialUpdate":false,"showSkybox":false,"showFlares":true,"showImageEffects":true,"showParticleSystems":true},"in2DMode":false,"pivot":{"x":3218.90576171875,"y":664.165771484375,"z":-2160.06201171875},"rotation":{"x":0.15471453964710236,"y":-0.6678946018218994,"z":0.14492926001548768,"w":0.713513195514679},"size":402.46429443359377,"orthographic":false}