{"cameraMode":{"drawMode":0,"name":"Shaded","section":"Shading Mode"},"sceneLighting":false,"audioPlay":false,"sceneViewState":{"showFog":true,"showMaterialUpdate":false,"showSkybox":false,"showFlares":true,"showImageEffects":true,"showParticleSystems":true},"in2DMode":false,"pivot":{"x":12939.2890625,"y":-766.390380859375,"z":-257.1535339355469},"rotation":{"x":-0.002933331299573183,"y":0.9967885613441467,"z":-0.06738534569740296,"w":-0.043389465659856799},"size":154.59080505371095,"orthographic":false}